{"cameraMode":{"drawMode":0,"name":"Shaded","section":"Shading Mode"},"sceneLighting":false,"audioPlay":false,"sceneViewState":{"showFog":true,"showMaterialUpdate":true,"showSkybox":true,"showFlares":true,"showImageEffects":true,"showParticleSystems":true},"in2DMode":false,"pivot":{"x":94.2374267578125,"y":4.607426166534424,"z":-47.56078338623047},"rotation":{"x":-0.020835481584072114,"y":0.8820767998695374,"z":-0.039189182221889499,"w":-0.46902376413345339},"size":8.484366416931153,"orthographic":false}