{"cameraMode":{"drawMode":0,"name":"Shaded","section":"Shading Mode"},"sceneLighting":false,"audioPlay":false,"sceneViewState":{"showFog":true,"showMaterialUpdate":true,"showSkybox":true,"showFlares":true,"showImageEffects":true,"showParticleSystems":true},"in2DMode":false,"pivot":{"x":-101.51486206054688,"y":224.72930908203126,"z":-151.63912963867188},"rotation":{"x":0.5383481383323669,"y":0.045466646552085879,"z":-0.029088180512189866,"w":0.841009259223938},"size":420.2835388183594,"orthographic":false}