{"cameraMode":{"drawMode":0,"name":"Shaded","section":"Shading Mode"},"sceneLighting":true,"audioPlay":false,"sceneViewState":{"showFog":false,"showMaterialUpdate":false,"showSkybox":false,"showFlares":false,"showImageEffects":false,"showParticleSystems":false},"in2DMode":false,"pivot":{"x":-14.818740844726563,"y":-10.621841430664063,"z":-25.004732131958009},"rotation":{"x":-0.08913890272378922,"y":0.9107313752174377,"z":-0.2766381800174713,"w":-0.29344233870506289},"size":56.834228515625,"orthographic":false}