{"cameraMode":{"drawMode":0,"name":"Shaded","section":"Shading Mode"},"sceneLighting":true,"audioPlay":false,"sceneViewState":{"showFog":false,"showMaterialUpdate":false,"showSkybox":false,"showFlares":false,"showImageEffects":false,"showParticleSystems":false},"in2DMode":false,"pivot":{"x":181.92959594726563,"y":119.27471160888672,"z":-108.50971221923828},"rotation":{"x":-0.3915465772151947,"y":-0.004180485382676125,"z":0.0017554142978042365,"w":-0.9201624989509583},"size":529.721435546875,"orthographic":false}