{"cameraMode":{"drawMode":0,"name":"Shaded","section":"Shading Mode"},"sceneLighting":true,"audioPlay":false,"sceneViewState":{"showFog":false,"showMaterialUpdate":false,"showSkybox":false,"showFlares":false,"showImageEffects":false,"showParticleSystems":false},"in2DMode":false,"pivot":{"x":-133.4987030029297,"y":84.61113739013672,"z":-42.81360626220703},"rotation":{"x":-0.34020692110061648,"y":-0.11359993368387222,"z":0.04143763333559036,"w":-0.9325479865074158},"size":504.4564208984375,"orthographic":false}