{"cameraMode":{"drawMode":0,"name":"Shaded","section":"Shading Mode"},"sceneLighting":false,"audioPlay":false,"sceneViewState":{"showFog":false,"showMaterialUpdate":false,"showSkybox":false,"showFlares":false,"showImageEffects":false,"showParticleSystems":false},"in2DMode":false,"pivot":{"x":-30.592647552490236,"y":20.878543853759767,"z":-13.296890258789063},"rotation":{"x":0.15358759462833405,"y":-0.23987823724746705,"z":0.03846549987792969,"w":0.9578061103820801},"size":9.523384094238282,"orthographic":false}