{"cameraMode":{"drawMode":0,"name":"Shaded","section":"Shading Mode"},"sceneLighting":true,"audioPlay":false,"sceneViewState":{"showFog":false,"showMaterialUpdate":false,"showSkybox":false,"showFlares":false,"showImageEffects":false,"showParticleSystems":false},"in2DMode":false,"pivot":{"x":172.27345275878907,"y":181.38427734375,"z":-158.1678466796875},"rotation":{"x":-0.29948750138282778,"y":0.40697845816612246,"z":-0.1432448774576187,"w":-0.8509923815727234},"size":160.67620849609376,"orthographic":false}