{"cameraMode":{"drawMode":0,"name":"Shaded","section":"Shading Mode"},"sceneLighting":false,"audioPlay":false,"sceneViewState":{"showFog":false,"showMaterialUpdate":false,"showSkybox":false,"showFlares":false,"showImageEffects":false,"showParticleSystems":false},"in2DMode":false,"pivot":{"x":254.91139221191407,"y":20.148277282714845,"z":-286.6763000488281},"rotation":{"x":-0.0038256885018199684,"y":0.972614586353302,"z":-0.23183894157409669,"w":-0.01604960300028324},"size":123.22096252441406,"orthographic":false}