{"cameraMode":{"drawMode":0,"name":"Shaded","section":"Shading Mode"},"sceneLighting":false,"audioPlay":false,"sceneViewState":{"showFog":true,"showMaterialUpdate":true,"showSkybox":true,"showFlares":true,"showImageEffects":true,"showParticleSystems":true},"in2DMode":false,"pivot":{"x":237.62203979492188,"y":245.56320190429688,"z":-325.0620422363281},"rotation":{"x":-0.37046799063682558,"y":0.11850076913833618,"z":-0.04771726205945015,"w":-0.9200192093849182},"size":942.2587280273438,"orthographic":false}