{"cameraMode":{"drawMode":0,"name":"Shaded","section":"Shading Mode"},"sceneLighting":true,"audioPlay":false,"sceneViewState":{"showFog":false,"showMaterialUpdate":false,"showSkybox":false,"showFlares":false,"showImageEffects":false,"showParticleSystems":false},"in2DMode":false,"pivot":{"x":-27.9227294921875,"y":55.02581787109375,"z":35.49119567871094},"rotation":{"x":0.1383551061153412,"y":0.792551577091217,"z":-0.19545204937458039,"w":0.5608551502227783},"size":155.3719024658203,"orthographic":false}