{"cameraMode":{"drawMode":0,"name":"Shaded","section":"Shading Mode"},"sceneLighting":false,"audioPlay":false,"sceneViewState":{"showFog":false,"showMaterialUpdate":false,"showSkybox":false,"showFlares":false,"showImageEffects":false,"showParticleSystems":false},"in2DMode":false,"pivot":{"x":181.1287841796875,"y":7.972042083740234,"z":1.4402923583984376},"rotation":{"x":0.14794601500034333,"y":-0.19532640278339387,"z":0.02982066012918949,"w":0.9690594673156738},"size":31.34858512878418,"orthographic":false}