{"cameraMode":{"drawMode":0,"name":"Shaded","section":"Shading Mode"},"sceneLighting":true,"audioPlay":false,"sceneViewState":{"showFog":false,"showMaterialUpdate":false,"showSkybox":false,"showFlares":false,"showImageEffects":false,"showParticleSystems":false},"in2DMode":false,"pivot":{"x":-27.9227294921875,"y":55.02581787109375,"z":35.49119567871094},"rotation":{"x":0.40440982580184939,"y":0.42903804779052737,"z":-0.223507359623909,"w":0.7761857509613037},"size":155.3719024658203,"orthographic":false}