{"cameraMode":{"drawMode":0,"name":"Shaded","section":"Shading Mode"},"sceneLighting":true,"audioPlay":false,"sceneViewState":{"showFog":false,"showMaterialUpdate":false,"showSkybox":false,"showFlares":false,"showImageEffects":false,"showParticleSystems":false},"in2DMode":false,"pivot":{"x":5.359933376312256,"y":9.9163179397583,"z":-5.7807936668396},"rotation":{"x":-0.24342229962348939,"y":-0.08658018708229065,"z":0.021823018789291383,"w":-0.9658063650131226},"size":203.0843505859375,"orthographic":false}