{"cameraMode":{"drawMode":0,"name":"Shaded","section":"Shading Mode"},"sceneLighting":false,"audioPlay":false,"sceneViewState":{"showFog":true,"showMaterialUpdate":true,"showSkybox":true,"showFlares":true,"showImageEffects":true,"showParticleSystems":true},"in2DMode":false,"pivot":{"x":921.0,"y":450.01739501953127,"z":83.1848373413086},"rotation":{"x":-0.10207399725914002,"y":0.033414389938116077,"z":-0.0034384652972221376,"w":-0.9942180514335632},"size":1764.29248046875,"orthographic":false}