{"cameraMode":{"drawMode":0,"name":"Shaded","section":"Shading Mode"},"sceneLighting":false,"audioPlay":false,"sceneViewState":{"showFog":false,"showMaterialUpdate":false,"showSkybox":false,"showFlares":false,"showImageEffects":false,"showParticleSystems":false},"in2DMode":false,"pivot":{"x":254.91139221191407,"y":20.148277282714845,"z":-286.6763000488281},"rotation":{"x":0.00040491987601853907,"y":0.9994592666625977,"z":0.013493458740413189,"w":-0.029992777854204179},"size":123.22096252441406,"orthographic":false}