{"cameraMode":{"drawMode":0,"name":"Shaded","section":"Shading Mode"},"sceneLighting":true,"audioPlay":false,"sceneViewState":{"showFog":false,"showMaterialUpdate":false,"showSkybox":false,"showFlares":false,"showImageEffects":false,"showParticleSystems":false},"in2DMode":false,"pivot":{"x":-160.39178466796876,"y":58.5517578125,"z":-180.79299926757813},"rotation":{"x":0.09178884327411652,"y":0.8955636620521545,"z":-0.21801702678203584,"w":0.3768943250179291},"size":662.7193603515625,"orthographic":false}