{"cameraMode":{"drawMode":0,"name":"Shaded","section":"Shading Mode"},"sceneLighting":false,"audioPlay":false,"sceneViewState":{"showFog":false,"showMaterialUpdate":false,"showSkybox":false,"showFlares":false,"showImageEffects":false,"showParticleSystems":false},"in2DMode":false,"pivot":{"x":180.1550750732422,"y":7.972042083740234,"z":0.05155777931213379},"rotation":{"x":0.15358759462833405,"y":-0.23987823724746705,"z":0.03846549987792969,"w":0.9578061103820801},"size":19.6995906829834,"orthographic":false}