{"cameraMode":{"drawMode":0,"name":"Shaded","section":"Shading Mode"},"sceneLighting":false,"audioPlay":false,"sceneViewState":{"showFog":false,"showMaterialUpdate":false,"showSkybox":false,"showFlares":false,"showImageEffects":false,"showParticleSystems":false},"in2DMode":false,"pivot":{"x":-223.55349731445313,"y":7.370841979980469,"z":2.226393461227417},"rotation":{"x":0.15358759462833405,"y":-0.23987823724746705,"z":0.03846549987792969,"w":0.9578061103820801},"size":18.986005783081056,"orthographic":false}