{"cameraMode":{"drawMode":0,"name":"Shaded","section":"Shading Mode"},"sceneLighting":false,"audioPlay":false,"sceneViewState":{"showFog":false,"showMaterialUpdate":false,"showSkybox":false,"showFlares":false,"showImageEffects":false,"showParticleSystems":false},"in2DMode":false,"pivot":{"x":180.89999389648438,"y":7.43996000289917,"z":2.179886817932129},"rotation":{"x":-0.1123715490102768,"y":-0.05962064489722252,"z":0.006724405102431774,"w":-0.9918687343597412},"size":15.206300735473633,"orthographic":false}