{"cameraMode":{"drawMode":0,"name":"Shaded","section":"Shading Mode"},"sceneLighting":false,"audioPlay":false,"sceneViewState":{"showFog":false,"showMaterialUpdate":false,"showSkybox":false,"showFlares":false,"showImageEffects":false,"showParticleSystems":false},"in2DMode":false,"pivot":{"x":250.1035919189453,"y":16.49974822998047,"z":-257.0824279785156},"rotation":{"x":-0.05087193474173546,"y":-0.6431732773780823,"z":-0.042911458760499957,"w":0.7628322839736939},"size":67.76097106933594,"orthographic":false}